﻿<?xml version="1.0" encoding="utf-8" ?>
<Data>
  <RegData Date="01.01.2018" Color="White">DVB1004989</RegData>
  <RegData Date="01.02.2018" Color="Black">MSR1224389</RegData>
  <RegData Date="07.02.2018" Color="Black">MSR1224389</RegData>
  <RegData Date="07.03.2018" Color="White">MSR1224389</RegData>
  <RegData Date="09.04.2018" Color="Blue">MSR1224389</RegData>
  <RegData Date="09.04.2018" Color="Green">MSR1224389</RegData>
  <RegData Date="01.05.2018" Color="Red">MSR1224389</RegData>
  <RegData Date="02.05.2018" Color="Yellow">MSR1224389</RegData>
  <RegData Date="02.05.2018" Color="Black">MSR1224389</RegData>
  <RegData Date="03.05.2018" Color="White">MSR1224389</RegData>
</Data>